{
    "北京": [116.405285, 39.904989],
    "上海": [121.472644, 31.231706],
    "杭州": [120.153576, 30.287459],
    "南京": [118.796877, 32.060255],
    "成都": [104.067923, 30.679943],
    "重庆": [106.551643, 29.562849],
    "武汉": [114.298572, 30.584355],
    "西安": [108.940175, 34.341568],
    "郑州": [113.665412, 34.757975],
    "长沙": [112.979353, 28.213478],
    "合肥": [117.283042, 31.86119],
    "福州": [119.306239, 26.075302],
    "济南": [117.000923, 36.675807],
    "石家庄": [114.51486, 38.042307],
    "太原": [112.549248, 37.857014],
    "兰州": [103.83417, 36.061089],
    "昆明": [102.832891, 24.880095],
    "拉萨": [91.140856, 29.645554],
    "贵阳": [106.630154, 26.647661],
    "南宁": [108.366543, 22.817002],
    "海口": [110.198293, 20.044001],
    "台北": [121.565170, 25.037798],
    "香港": [114.171994, 22.281089],
    "澳门": [113.549088, 22.198950],
    "沈阳": [123.431475, 41.805698],
    "长春": [125.3245, 43.886841],
    "哈尔滨": [126.642464, 45.756967],
    "西宁": [101.778228, 36.617144],
    "银川": [106.230909, 38.487193],
    "呼和浩特": [111.749181, 40.842585],
    "乌鲁木齐": [87.617733, 43.792818],
    "南昌": [115.858198, 28.682892],
    "台中": [120.679882, 24.143171],
    "高雄": [120.311922, 22.620856],
    "桂林": [110.299121, 25.274215],
    "三亚": [109.511909, 18.252847],
    "大连": [121.614682, 38.914003],
    "青岛": [120.38264, 36.067082],
    "厦门": [118.103886, 24.489231],
    "无锡": [120.305456, 31.570037],
    "苏州": [120.585316, 31.298886],
    "宁波": [121.579006, 29.885259],
    "常州": [119.981861, 31.771397],
    "南通": [120.873801, 32.014665],
    "扬州": [119.412966, 32.39421],
    "镇江": [119.452753, 32.204402],
    "泰州": [119.919606, 32.476053],
    "徐州": [117.188107, 34.271553],
    "盐城": [120.148872, 33.379862],
    "淮安": [119.015285, 33.610353],
    "连云港": [119.173872, 34.601549],
    "宿迁": [118.275162, 33.963008],
    "芜湖": [118.384108, 31.36602],
    "蚌埠": [117.363228, 32.939667],
    "马鞍山": [118.507906, 31.689362],
    "淮北": [116.794664, 33.971707],
    "铜陵": [117.816576, 30.929935],
    "安庆": [117.043551, 30.50883],
    "黄山": [118.317325, 29.709239],
    "滁州": [118.316264, 32.303627],
    "阜阳": [115.819729, 32.896969],
    "宿州": [116.964356, 33.646373],
    "六安": [116.521854, 31.7337],
    "亳州": [115.787928, 33.871211],
    "池州": [117.489157, 30.656037],
    "宣城": [118.757995, 30.945667],
    "黄石": [115.050683, 30.216127],
    "十堰": [110.801229, 32.636994],
    "宜昌": [111.310981, 30.732758],
    "襄阳": [112.250093, 32.229169],
    "荆州": [112.239741, 30.335165],
    "荆门": [112.21733, 31.042611],
    "黄冈": [114.906618, 30.446109],
    "咸宁": [114.300061, 29.880657],
    "随州": [113.379358, 31.717858],
    "恩施": [109.517433, 30.308978],
    "仙桃": [113.387448, 30.293966],
    "天门": [113.165862, 30.653061],
    "潜江": [112.768768, 30.343116],
    "神农架": [110.671525, 31.744449],
    "岳阳": [113.146196, 29.378007],
    "常德": [111.691347, 29.040225],
    "张家界": [110.479191, 29.117096],
    "益阳": [112.366547, 28.588088],
    "郴州": [113.037704, 25.782264],
    "永州": [111.614648, 26.435972],
    "怀化": [109.97824, 27.550082],
    "娄底": [112.008497, 27.728136],
    "湘西": [109.739735, 28.314296],
    "广州": [113.280637, 23.125178],
    "深圳": [114.057868, 22.543099],
    "珠海": [113.576726, 22.270715],
    "汕头": [116.681972, 23.354091],
    "韶关": [113.597522, 24.810403],
    "佛山": [113.121416, 23.021548],
    "江门": [113.081901, 22.578738],
    "湛江": [110.35894, 21.271339],
    "茂名": [110.925456, 21.662999],
    "肇庆": [112.472529, 23.051546],
    "惠州": [114.412599, 23.079404],
    "梅州": [116.117582, 24.299112],
    "汕尾": [115.364238, 22.774485],
    "河源": [114.697802, 23.746266],
    "阳江": [111.975107, 21.859222],
    "清远": [113.051227, 23.685022],
    "东莞": [113.746262, 23.046237],
    "中山": [113.382391, 22.521113],
    "潮州": [116.632301, 23.661701],
    "揭阳": [116.355733, 23.543778],
    "云浮": [112.044439, 22.929801],
    "柳州": [109.422402, 24.329053],
    "梧州": [111.297604, 23.474803],
    "北海": [109.119927, 21.481254],
    "防城港": [108.345478, 21.614631],
    "钦州": [108.624175, 21.967127],
    "贵港": [109.602146, 23.0936],
    "玉林": [110.154393, 22.63136],
    "百色": [106.618201, 23.902333],
    "贺州": [111.552594, 24.411054],
    "河池": [108.062105, 24.695899],
    "来宾": [109.229772, 23.733766],
    "崇左": [107.353926, 22.404108]
}